vglvltop,fraction
1.000,0.00000
0.995,0.00000
0.990,0.00250
0.985,0.51000
0.980,0.45300
0.975,0.03250
0.970,0.0020
